ct_id,x,y,z,diam,slice_num,mask_index,z_trans,type
1.3.12.2.1107.5.1.4.95405.30000019011510374527300082895,229.1502023,234.4367514,322.5,14.23737327,348,LAC_1,26,train
1.3.12.2.1107.5.1.4.95405.30000019011400094816100020976,122.2768961,305.8862264,237.5,16.26370735,446,LAC_1,209,train
1.3.12.2.1107.5.1.4.95405.30000018122906183374700022615,169.5802225,217.6634026,364,10.3172296,429,LAC_1,65,train
1.3.12.2.1107.5.1.4.95405.30000018122906183374700022615,115.974017,271.2696081,314.5,14.14980356,429,LAC_2,115,train
1.3.12.2.1107.5.1.4.95405.30000018122400155662500104156,168.3613054,223.2205003,205,9.66196048,269,LAC_1,64,train
1.3.12.2.1107.5.1.4.95405.30000018122400155662500104156,174.9615539,322.8166058,198,13.56478954,269,LAC_2,71,train
1.3.12.2.1107.5.1.4.95405.30000018122400155662500047367,352.3253689,274.9864085,258,17.90123366,289,LAC_1,31,train
1.3.12.2.1107.5.1.4.95405.30000018121223595020100004595,104.1685616,277.8802348,133.5,11.8638394,269,LAC_1,136,train
1.3.12.2.1107.5.1.4.95405.30000018112800254317400046792,99.95668415,263.8062636,266,13.23531313,455,LAC_1,189,train
1.3.12.2.1107.5.1.4.95405.30000018112317514229500007682,178.8318386,341.5811227,229,15.66064899,463,LAC_1,234,train
1.3.12.2.1107.5.1.4.95405.30000018112000092105800013735,293.4077483,320.1010885,139.5,12.83324462,293,LAC_2,154,train
1.3.12.2.1107.5.1.4.95405.30000018112000092105800013735,321.8521601,339.2515976,133,47.18094984,293,LAC_1,160,train
1.3.12.2.1107.5.1.4.95405.30000018111510271057100021971,106.3017309,302.7063802,206.5,35.02555974,303,LAC_1,97,train
1.3.12.2.1107.5.1.4.95405.30000018110106063960100003539,159.9286888,266.8341456,257,19.75447737,304,LAC_1,47,train
1.3.12.2.1107.5.1.4.95405.30000018100823284342900086849,127.0989987,232.8910645,164,17.43336252,292,LAC_1,128,train
1.3.12.2.1107.5.1.4.95405.30000018100823284342900023599,99.67070499,288.1639545,123,19.46917728,274,LAC_1,151,train
1.3.12.2.1107.5.1.4.95405.30000018100200412856800066373,160.9364608,366.3139296,178,27.22913756,340,LAC_1,162,train
1.3.12.2.1107.5.1.4.95405.30000018092823280359100015852,175.6919298,211.853561,210.5,15.16064124,325,LAC_1,115,train
1.3.12.2.1107.5.1.4.95405.30000018092102335228500085761,176.4158548,260.9372983,226.5,13.33181882,269,LAC_1,43,train
1.3.12.2.1107.5.1.4.95405.30000018092102335228500085761,113.9899244,174.2866641,83,19.38621874,269,LAC_2,186,train
1.3.12.2.1107.5.1.4.95405.30000018090623280068100041401,156.6338303,296.9856801,243.5,15.25987238,305,LAC_1,62,train
1.3.12.2.1107.5.1.4.95405.30000018071702154171600038419,155.1469239,264.943714,265,27.70255877,319,LAC_1,54,train
1.3.12.2.1107.5.1.4.95405.30000018030100101328700014634,152.6871691,287.323458,232.5,10.59919336,301,LAC_2,69,train
1.3.12.2.1107.5.1.4.95405.30000018030100101328700014634,191.5757948,268.8050648,248.5,12.50041957,301,LAC_3,53,train
1.3.12.2.1107.5.1.4.95405.30000018030100101328700014634,144.3477942,266.6402912,234.5,9.588676852,301,LAC_4,67,train
1.3.12.2.1107.5.1.4.95405.30000018030100101328700014634,111.5193565,280.6283466,237.5,12.88218788,301,LAC_1,64,train
1.3.12.2.1107.5.1.4.95405.30000018012400062778500077200,178.7574813,321.6095608,204.5,16.28742461,497,LAC_1,293,train
1.3.12.2.1107.5.1.4.95405.30000018010800144990800000773,416.3129018,207.3412323,333.5,10.56599357,609,LAC_1,276,train
1.3.12.2.1107.5.1.4.95405.30000017121123445919600140901,130.7658107,360.328942,277.5,25.63992113,498,LAC_1,221,train
1.3.12.2.1107.5.1.4.95405.30000017121123445919600111701,112.6926408,278.7328251,334,13.02078728,435,LAC_1,101,train
1.3.12.2.1107.5.1.4.95405.30000017121123445919600095463,415.6450057,346.335049,153,20.26252057,501,LAC_1,348,train
1.3.12.2.1107.5.1.4.95405.30000017112823475659400035627,163.1357061,311.1474025,335.5,12.12293653,472,LAC_2,137,train
1.3.12.2.1107.5.1.4.95405.30000017112823475659400035627,185.8298912,304.8761214,375,21.16016206,472,LAC_3,97,train
1.3.12.2.1107.5.1.4.95405.30000017112823475659400035627,334.1875385,324.683883,361,36.27294173,472,LAC_1,111,train
1.3.12.2.1107.5.1.4.95405.30000017101604251607900217685,89.37767481,189.347564,166.5,10.42188465,381,LAC_1,215,train
1.3.12.2.1107.5.1.4.95405.30000017062800174414900027840,153.4632844,321.0246725,324,13.40542946,392,LAC_1,68,train
1.3.12.2.1107.5.1.4.95405.30000017061600144439000024938,403.5261295,204.3158398,462.5,14.31945428,728,LAC_1,266,train
1.3.12.2.1107.5.1.4.95405.30000017050300190576900030198,394.3156898,319.3722378,223,20.75832808,394,LAC_1,171,train
1.3.12.2.1107.5.1.4.95405.30000017032000222901500042017,84.71237022,267.9646299,185.5,14.02636356,379,LAC_1,194,train
1.3.12.2.1107.5.1.4.95405.30000017022700473808100028388,348.1127209,324.5029978,250,16.26769568,392,LAC_1,142,train
1.3.12.2.1107.5.1.4.95405.30000017022700473808100014573,133.4261693,210.5072278,189,11.32629647,366,LAC_1,177,train
1.3.12.2.1107.5.1.4.95405.30000017022100270117200046726,363.6237157,321.1818017,296.5,12.926305,407,LAC_1,111,train
1.3.12.2.1107.5.1.4.95405.30000017021700451232700019268,412.3840374,242.9570228,88,22.65207132,419,LAC_1,331,train
1.3.12.2.1107.5.1.4.95405.30000017021402395477400039018,141.5788629,193.9994387,211,13.61298968,410,LAC_1,199,train
1.3.12.2.1107.5.1.4.95405.30000017021301005841100040003,169.7207063,344.4362499,335.5,13.44668396,410,LAC_1,75,train
1.3.12.2.1107.5.1.4.95405.30000017012300125059200000116,126.4292675,366.5628332,248.5,11.39559561,404,LAC_1,156,train
1.3.12.2.1107.5.1.4.95405.30000017011300105681800011497,424.4260229,347.6777358,341.5,20.64381983,459,LAC_1,118,train
1.3.12.2.1107.5.1.4.95405.30000017011000253623600007147,133.1332056,327.8927696,223,19.43112238,369,LAC_1,146,train
1.3.12.2.1107.5.1.4.95405.30000016031000111674200011197,348.4882896,299.9855953,297,16.33448324,393,LAC_1,96,train
1.3.12.2.1107.5.1.4.95405.30000016031000111674200011197,361.7152578,260.2663274,266.5,10.73787588,393,LAC_2,127,train
1.3.12.2.1107.5.1.4.95405.30000016010500233320700023103,364.3303823,305.8310153,317.5,22.09714524,372,LAC_1,55,train
1.2.840.113619.2.55.3.3166712686.991.1541371398.973.4,201.2713798,134.8196763,159.5,15.56774986,253,LAC_1,94,train
1.2.840.113619.2.55.3.3166712686.980.1534978969.616.4,398.8177358,320.5873014,30.5,18.86616555,245,LAC_1,215,train
1.2.840.113619.2.55.3.3166712686.980.1534978959.523.4,216.0115047,231.4524138,185.5,12.25117429,237,LAC_1,52,train
1.2.840.113619.2.55.3.3166712686.967.1448343908.977.4,412.0572977,228.074305,303,10.81197881,473,LAC_2,170,train
1.2.840.113619.2.55.3.3166712686.967.1448343908.977.4,412.7992441,200.947253,177,11.38468577,473,LAC_1,296,train
1.2.840.113619.2.55.3.3166712686.919.1533815077.121.4,363.2769344,228.7479319,191.5,30.32789189,257,LAC_1,66,train
1.2.840.113619.2.55.3.3166712686.910.1499291355.801.4,185.0762339,261.1906638,205.5,19.07482929,245,LAC_1,40,train
1.2.840.113619.2.55.3.3166712686.891.1486701997.520.4,315.0192801,332.3614998,165.5,10.65936738,225,LAC_1,60,train
1.2.840.113619.2.55.3.3166712686.891.1486701997.520.4,362.1953345,320.2725435,182,9.398142401,225,LAC_2,43,train
1.2.840.113619.2.55.3.3166712686.891.1486701997.520.4,373.1718133,341.6002723,168,16.5530696,225,LAC_3,57,train
1.2.840.113619.2.55.3.3166712686.873.1543015425.550.4,387.1601949,303.2571763,94.5,12.82661807,237,LAC_1,143,train
1.2.840.113619.2.55.3.3166712686.861.1514896411.440.4,116.8170578,297.0980015,115.5,11.20889721,237,LAC_2,122,train
1.2.840.113619.2.55.3.3166712686.861.1514896411.440.4,197.7073966,338.9093931,141,18.73749699,237,LAC_1,96,train
1.2.840.113619.2.55.3.3166712686.859.1532125360.689.4,350.3459567,310.644317,196,9.196071217,225,LAC_1,29,train
1.2.840.113619.2.55.3.3166712686.859.1532125360.689.4,391.922882,271.2011944,150.5,17.86150003,225,LAC_2,75,train
1.2.840.113619.2.55.3.3166712686.853.1530918083.759.7,337.4481437,332.4228937,181.5,12.83177933,213,LAC_1,32,train
1.2.840.113619.2.55.3.3166712686.76.1539213908.736.4,329.0661189,308.502978,157.5,20.14186906,237,LAC_1,80,train
1.2.840.113619.2.55.3.3166712686.755.1491354644.485.4,103.6426271,235.197436,95.5,22.28064752,245,LAC_1,150,train
1.2.840.113619.2.55.3.3166712686.742.1521962989.271.4,374.4513722,230.0451366,169,12.50674736,237,LAC_2,68,train
1.2.840.113619.2.55.3.3166712686.742.1521962989.271.4,336.3290696,292.304045,200,11.45406051,237,LAC_1,37,train
1.2.840.113619.2.55.3.3166712686.730.1495183333.341.4,164.1536128,329.3996686,204,8.888748845,245,LAC_3,41,train
1.2.840.113619.2.55.3.3166712686.730.1495183333.341.4,127.6837224,282.761183,138,7.845443839,245,LAC_1,107,train
1.2.840.113619.2.55.3.3166712686.730.1495183333.341.4,154.4629923,341.6386587,82.5,10.36453006,245,LAC_2,163,train
1.2.840.113619.2.55.3.3166712686.730.1495183042.168.4,85.35337338,340.0572483,52,9.218212367,249,LAC_1,197,train
1.2.840.113619.2.55.3.3166712686.730.1495182869.125.4,214.0651837,292.0066989,230,7.499758436,273,LAC_3,43,train
1.2.840.113619.2.55.3.3166712686.730.1495182869.125.4,132.8550452,257.9264127,229,14.1095941,273,LAC_2,44,train
1.2.840.113619.2.55.3.3166712686.730.1495182869.125.4,156.6567276,345.5875768,150.5,7.254086465,273,LAC_1,123,train
1.2.840.113619.2.55.3.3166712686.730.1495182869.125.4,106.9960077,315.5582533,94,8.852264179,273,LAC_5,179,train
1.2.840.113619.2.55.3.3166712686.730.1495182869.125.4,224.5171639,265.0686055,228.5,7.381929849,273,LAC_4,45,train
1.2.840.113619.2.55.3.3166712686.704.1534716624.841.4,365.8821365,210.8524933,149.5,22.85759824,237,LAC_1,88,train
1.2.840.113619.2.55.3.3166712686.689.1524443251.759.7,356.5429664,307.3408943,148.5,9.176226383,237,LAC_1,89,train
1.2.840.113619.2.55.3.3166712686.689.1524443215.618.7,141.9762336,260.2431647,177.5,22.73032911,237,LAC_1,60,train
1.2.840.113619.2.55.3.3166712686.688.1430279603.707.4,99.64447599,280.315546,161,19.24181202,233,LAC_1,72,train
1.2.840.113619.2.55.3.3166712686.677.1527341494.100.4,341.0109819,329.5064581,193,32.28451968,257,LAC_1,64,train
1.2.840.113619.2.55.3.3166712686.670.1526854238.37.4,312.4624165,283.9349934,148.5,26.63259813,197,LAC_1,49,train
1.2.840.113619.2.55.3.3166712686.666.1543655418.579.4,399.0410454,201.8568678,81,14.39061892,213,LAC_1,132,train
1.2.840.113619.2.55.3.3166712686.663.1550287730.129.4,373.0132373,309.8264806,118.5,17.18234897,237,LAC_1,119,train
1.2.840.113619.2.55.3.3166712686.663.1550287730.129.4,394.8688756,271.5452173,120,9.752181749,237,LAC_2,117,train
1.2.840.113619.2.55.3.3166712686.550.1541666199.756.4,328.5508055,303.751453,206,11.41470285,237,LAC_1,31,train
1.2.840.113619.2.55.3.3166712686.550.1541666199.756.4,337.1942173,348.004424,175,12.35588239,237,LAC_2,62,train
1.2.840.113619.2.55.3.3166712686.550.1541666199.756.4,366.5366687,346.8805328,151.5,9.180370299,237,LAC_3,86,train
1.2.840.113619.2.55.3.3166712686.513.1515855680.57.4,375.3344757,278.7417342,168,11.4700774,237,LAC_1,69,train
1.2.840.113619.2.55.3.3166712686.513.1515855680.57.4,399.0260233,289.4428601,129.5,8.576771568,237,LAC_3,108,train
1.2.840.113619.2.55.3.3166712686.513.1515855680.57.4,333.192036,307.9092096,174,8.244977969,237,LAC_2,63,train
1.2.840.113619.2.55.3.3166712686.505.1520123085.699.4,380.1361805,310.8573998,146,16.11965639,237,LAC_2,91,train
1.2.840.113619.2.55.3.3166712686.505.1520123085.699.4,384.3721769,199.8067729,178.5,11.92480708,237,LAC_1,59,train
1.2.840.113619.2.55.3.3166712686.505.1520122940.361.4,426.9006001,244.8940328,115,25.64264237,237,LAC_1,122,train
1.2.840.113619.2.55.3.3166712686.505.1520122800.708.4,147.0575215,230.8272439,339,33.71202873,473,LAC_1,134,train
1.2.840.113619.2.55.3.3166712686.493.1500709313.138.4,241.8733509,277.8243839,399.5,20.22555051,489,LAC_1,90,train
1.2.840.113619.2.55.3.3166712686.432.1433382915.143.4,375.2455101,249.5435797,118,8.888764079,148,LAC_1,30,train
1.2.840.113619.2.55.3.3166712686.432.1433382915.143.4,346.521701,349.1812579,19.5,11.43263374,148,LAC_2,129,train
1.2.840.113619.2.55.3.3166712686.424.1490103710.637.4,197.5927925,183.2800813,146,16.02513295,205,LAC_2,59,train
1.2.840.113619.2.55.3.3166712686.424.1490103710.637.4,410.6937236,226.4625963,99.5,13.61071316,205,LAC_1,106,train
1.2.840.113619.2.55.3.3166712686.419.1535888919.784.4,359.5934452,340.0789641,144,17.91632288,237,LAC_1,93,train
1.2.840.113619.2.55.3.3166712686.409.1423318851.872.4,336.5062729,260.4212767,193,13.07034615,245,LAC_1,52,train
1.2.840.113619.2.55.3.3166712686.370.1530092801.834.4,397.9856152,263.4895803,160.5,26.76540838,237,LAC_1,77,train
1.2.840.113619.2.55.3.3166712686.32.1547674158.447.4,322.6742853,251.4847031,228,20.19779014,273,LAC_1,45,train
1.2.840.113619.2.55.3.3166712686.28.1549748548.610.4,143.977105,288.0146853,147.5,11.51419498,237,LAC_1,90,train
1.2.840.113619.2.55.3.3166712686.219.1488271286.693.4,339.4465598,297.3284114,115.5,23.32828745,205,LAC_1,90,train
1.2.840.113619.2.55.3.3166712686.219.1488271248.936.4,224.88927,336.544648,55.5,13.06023733,193,LAC_1,138,train
1.2.840.113619.2.55.3.3166712686.215.1472617192.887.4,356.036557,183.4997923,151,15.47160341,229,LAC_4,78,train
1.2.840.113619.2.55.3.3166712686.215.1472617192.887.4,224.0529564,170.5921932,177.5,8.587654982,229,LAC_3,52,train
1.2.840.113619.2.55.3.3166712686.215.1472617192.887.4,136.2776737,191.7347427,118,10.43679904,229,LAC_1,111,train
1.2.840.113619.2.55.3.3166712686.215.1472617192.887.4,176.9611591,197.3045056,112.5,53.35486653,229,LAC_2,119,train
1.2.840.113619.2.55.3.3166712686.188.1553381612.112.4,296.2957041,165.5499284,178,12.49484161,265,LAC_1,87,train
1.2.840.113619.2.55.3.3166712686.187.1503825707.723.7,162.2296903,295.8246271,371.5,16.59985107,481,LAC_1,110,train
1.2.840.113619.2.55.3.3166712686.145.1501685150.710.4,378.7382348,178.1617566,135.5,19.20025353,249,LAC_1,114,train
1.2.840.113619.2.55.3.3166712686.119.1528929591.833.4,345.8794765,261.361698,203.5,20.19204385,237,LAC_1,34,train
1.2.840.113619.2.55.3.3166712686.119.1528929591.833.4,293.9093121,261.4666882,94,13.34585911,237,LAC_3,143,train
1.2.840.113619.2.55.3.3166712686.119.1528929591.833.4,367.5074641,274.0655159,191.5,9.6161131,237,LAC_2,46,val
1.2.840.113619.2.55.3.3166712686.119.1528929591.833.4,369.8669835,311.5763899,90.5,9.750008942,237,LAC_4,147,val
1.2.840.113619.2.55.3.3166701678.657.1545577021.402.4,288.1492626,281.4896242,199,15.26911493,229,LAC_1,30,val
1.2.840.113619.2.55.3.3166701678.250.1544570208.143.4,206.1527316,244.5730709,197.5,24.8944195,237,LAC_1,40,val
1.2.840.113619.2.55.3.3166701678.169.1526377072.485.4,149.1472541,212.9828933,153,12.25879893,237,LAC_1,84,val
1.2.840.113619.2.55.3.3166701678.169.1526377072.485.4,134.4649449,178.2653497,134.5,16.21565286,237,LAC_2,103,val
1.2.840.113619.2.25.4.2436512.1456799211.845,128.0144557,358.6061887,112,15.5505224,217,LAC_1,105,val
1.2.840.113619.2.25.4.2436512.1442559466.885,173.6807818,291.0233152,183.5,17.52580858,221,LAC_2,38,val
1.2.840.113619.2.25.4.2436512.1442559466.885,168.8918205,324.8268977,195,11.37581859,221,LAC_1,26,val
